{
  "n_rows": 2015,
  "n_columns": 66,
  "n_features_excluding_id_target": 64,
  "ppcs_count": 454,
  "ppcs_rate": 0.22531017369727047,
  "sex_stats": {
    "female": {
      "count": 1033,
      "sum": 148,
      "mean": 0.14327202323330107
    },
    "male": {
      "count": 982,
      "sum": 306,
      "mean": 0.31160896130346233
    }
  },
  "smoking_stats": {
    "non_smoker": {
      "count": 1808,
      "sum": 377,
      "mean": 0.20851769911504425
    },
    "current_smoker": {
      "count": 207,
      "sum": 77,
      "mean": 0.3719806763285024
    }
  },
  "pft_pattern_stats": {},
  "sex_bin_auroc": 0.6204765385342617,
  "current_smoking_mi": 0.010831865084586001,
  "pft_pattern_auroc": NaN,
  "has_complete_mef_mi": NaN,
  "weight_bmi_corr": 0.7763521940816975,
  "weight_height_corr": 0.6105374700371787,
  "model_a_total_mi": 0.8999064217455119,
  "model_b_total_mi": 1.071417435529777,
  "relative_info_gain": 0.1905876096001094
}