model,variant,AUROC,AUROC_95CI_low,AUROC_95CI_high,AUPRC,AUPRC_95CI_low,AUPRC_95CI_high,Brier,calibration_intercept,calibration_slope,mean_predicted_risk
LightGBM_A,cv_derivation,0.7374014736966872,0.7094460409721076,0.7619095885876727,0.4443693109957719,0.4006342750407064,0.4942399654531398,0.15293392253122606,0.3363278333780376,1.275306018775081,0.2211852758781779
LightGBM_B,cv_derivation,0.7741380624077527,0.7487771510916205,0.7969013061797378,0.49985265864341466,0.4544656408028953,0.5485124927790638,0.14387980537962541,0.12711849978922848,1.0782707480826597,0.21888471090332026
LR_A,cv_derivation,0.7140726463043288,0.684744730911866,0.7422803875616739,0.433245650598447,0.38868764449797677,0.48351047396737323,0.21218129155868495,-1.2142439942880174,0.8832019623058682,0.45299005091903716
LR_B,cv_derivation,0.7646586538054506,0.7402784727145705,0.7882099093179059,0.49833929944398014,0.45065454304548863,0.5440298582139452,0.1951024427701373,-1.211681651183631,0.9006027302491237,0.4330419530925532
CatBoost_A,cv_derivation,0.7308330534758303,0.7032571008272871,0.7555930528609422,0.4386175796372859,0.39354020337583284,0.4865324487391721,0.20519882819186241,-1.1765853008080287,1.1154354979467858,0.44730408363081753
CatBoost_B,cv_derivation,0.7720934564141929,0.7467632765641353,0.7945232405975658,0.5035369863822098,0.455941834110228,0.5514351987930536,0.14997866999114418,-0.4335846563858407,1.068571201223527,0.3007577698485621
XGBoost_A,cv_derivation,0.7364151523788829,0.7102075982840435,0.7611221649454573,0.43846007867873404,0.395647283678178,0.48578875481869443,0.24699345022656669,-1.6372379301373328,1.3535717547216028,0.5296732990306897
XGBoost_B,cv_derivation,0.7729739492644216,0.7478945206596258,0.7955052819940021,0.5042254235195746,0.46142369267531264,0.5509137133763761,0.18110839865361972,-1.0558889001271448,1.0967835938426724,0.40951824742496457
