model,variant,AUROC,AUROC_95CI_low,AUROC_95CI_high,AUPRC,AUPRC_95CI_low,AUPRC_95CI_high,Brier,calibration_intercept,calibration_slope,mean_predicted_risk
LightGBM_A_minus_drift_PFT,raw_minus_FEV1FVC_MEF25,0.6951545926823983,0.6624012418526145,0.7263279925133855,0.4633575480659178,0.4130245178357769,0.517225901359923,0.19108845937053343,0.6617347813410903,1.157961060720651,0.2048728064968929
LightGBM_B_minus_drift_PFT,raw_minus_FEV1FVC_MEF25,0.7293705597432338,0.7000294156420945,0.7586309567398766,0.5146777251982873,0.4627111431235561,0.5687980489687939,0.17473063397753447,-0.1201289765663241,0.9494776746869898,0.29653747695249144
LR_A_minus_drift_PFT,raw_minus_FEV1FVC_MEF25,0.7219996603002243,0.6918927698462611,0.7524273092014818,0.4963116335777318,0.44715650583650446,0.5500967836356331,0.19513386481900574,-0.6783014699331803,0.9750803363929818,0.41230623960160245
LR_B_minus_drift_PFT,raw_minus_FEV1FVC_MEF25,0.7296721897164679,0.7002952381078323,0.757905575548825,0.5301703009405501,0.4756773003038108,0.5844465427506235,0.2543203607318247,-1.2967500078918262,0.7370108826263225,0.5494171622126617
CatBoost_A_minus_drift_PFT,raw_minus_FEV1FVC_MEF25,0.702835907437668,0.6705497882124309,0.7340382685196054,0.4579124350292082,0.4095292791361146,0.5115234737226922,0.20243952722937622,-0.6960230511828753,1.0091398191802958,0.4224984189572005
CatBoost_B_minus_drift_PFT,raw_minus_FEV1FVC_MEF25,0.7338452257539285,0.7051398661485024,0.7611322319563206,0.5195144431994358,0.4687825269368757,0.5724125035231296,0.18563094750027806,-0.5789058311383736,0.9083560392139263,0.3834559018317503
XGBoost_A_minus_drift_PFT,raw_minus_FEV1FVC_MEF25,0.6992719882393595,0.6682410683054101,0.7300450634759328,0.46378487691859327,0.4125018784417732,0.5170535988293099,0.2464114423842964,-1.2355507863349011,1.3042146989129555,0.533968448638916
XGBoost_B_minus_drift_PFT,raw_minus_FEV1FVC_MEF25,0.7303047341263567,0.6993442076924343,0.759572744814709,0.509540528076053,0.45802831789658965,0.5644701580043363,0.23082757918957042,-1.1485949740064743,0.9904913535945415,0.5097073316574097
