PPCs_Severity_group,n,median,q1,q3
0,1299,0.24175405223407606,0.1395220276350516,0.4001091498552939
